organism	group
Astrovirus human/SZ908/China/2008	HumanAstV
Human astrovirus	HumanAstV
Human astrovirus 1	HumanAstV
Human astrovirus 1 Beijing/01/2005/CHN	HumanAstV
Human astrovirus 1 Beijing/04/2006/CHN	HumanAstV
Human astrovirus 1 Beijing/06/2006/CHN	HumanAstV
Human astrovirus 1 Beijing/102/2005/CHN	HumanAstV
Human astrovirus 1 Beijing/106/2005/CHN	HumanAstV
Human astrovirus 1 Beijing/110/2007/CHN	HumanAstV
Human astrovirus 1 Beijing/113/2005/CHN	HumanAstV
Human astrovirus 1 Beijing/128/2005/CHN	HumanAstV
Human astrovirus 1 Beijing/129/2005/CHN	HumanAstV
Human astrovirus 1 Beijing/131/2007/CHN	HumanAstV
Human astrovirus 1 Beijing/134/2005/CHN	HumanAstV
Human astrovirus 1 Beijing/139/2005/CHN	HumanAstV
Human astrovirus 1 Beijing/141/2005/CHN	HumanAstV
Human astrovirus 1 Beijing/176/2006/CHN	HumanAstV
Human astrovirus 1 Beijing/180/2005/CHN	HumanAstV
Human astrovirus 1 Beijing/183/2006/CHN	HumanAstV
Human astrovirus 1 Beijing/189/2005/CHN	HumanAstV
Human astrovirus 1 Beijing/189/2007/CHN	HumanAstV
Human astrovirus 1 Beijing/198/2005/CHN	HumanAstV
Human astrovirus 1 Beijing/204/2005/CHN	HumanAstV
Human astrovirus 1 Beijing/210/2006/CHN	HumanAstV
Human astrovirus 1 Beijing/214/2005/CHN	HumanAstV
Human astrovirus 1 Beijing/228/2005/CHN	HumanAstV
Human astrovirus 1 Beijing/234/2005/CHN	HumanAstV
Human astrovirus 1 Beijing/234/2006/CHN	HumanAstV
Human astrovirus 1 Beijing/237/2005/CHN	HumanAstV
Human astrovirus 1 Beijing/239/2005/CHN	HumanAstV
Human astrovirus 1 Beijing/249/2005/CHN	HumanAstV
Human astrovirus 1 Beijing/254/2007/CHN	HumanAstV
Human astrovirus 1 Beijing/265/2005/CHN	HumanAstV
Human astrovirus 1 Beijing/287/2005/CHN	HumanAstV
Human astrovirus 1 Beijing/291/2007/CHN	HumanAstV
Human astrovirus 1 Beijing/293/2007/CHN	HumanAstV
Human astrovirus 1 Beijing/309/2007/CHN	HumanAstV
Human astrovirus 1 Beijing/317/2007/CHN	HumanAstV
Human astrovirus 1 Beijing/327/2007/CHN	HumanAstV
Human astrovirus 1 Beijing/33/2005/CHN	HumanAstV
Human astrovirus 1 Beijing/330/2007/CHN	HumanAstV
Human astrovirus 1 Beijing/333/2007/CHN	HumanAstV
Human astrovirus 1 Beijing/335/2007/CHN	HumanAstV
Human astrovirus 1 Beijing/347/2007/CHN	HumanAstV
Human astrovirus 1 Beijing/352/2007/CHN	HumanAstV
Human astrovirus 1 Beijing/362/2007/CHN	HumanAstV
Human astrovirus 1 Beijing/375/2007/CHN	HumanAstV
Human astrovirus 1 Beijing/377/2007/CHN	HumanAstV
Human astrovirus 1 Beijing/41/2005/CHN	HumanAstV
Human astrovirus 1 Beijing/46/2005/CHN	HumanAstV
Human astrovirus 1 Beijing/60/2007/CHN	HumanAstV
Human astrovirus 1 Beijing/69/2007/CHN	HumanAstV
Human astrovirus 1 Beijing/75/2005/CHN	HumanAstV
Human astrovirus 1 Beijing/79/2006/CHN	HumanAstV
Human astrovirus 1 Beijing/82/2007/CHN	HumanAstV
Human astrovirus 1 Tianjin/114/2008/CHN	HumanAstV
Human astrovirus 1 Tianjin/124/2008/CHN	HumanAstV
Human astrovirus 1 Tianjin/133/2008/CHN	HumanAstV
Human astrovirus 1 Tianjin/217/2008/CHN	HumanAstV
Human astrovirus 1 Tianjin/242/2008/CHN	HumanAstV
Human astrovirus 1 Tianjin/499/2008/CHN	HumanAstV
Human astrovirus 1 Tianjin/508/2008/CHN	HumanAstV
Human astrovirus 1 Tianjin/565/2008/CHN	HumanAstV
Human astrovirus 1/GUP024Astro/2004/TR	HumanAstV
Human astrovirus 1/GUP216Astro/2005/TR	HumanAstV
Human astrovirus 1/ICMH469Astro/2006/BD	HumanAstV
Human astrovirus 1/ICMH573Astro/2006/BD	HumanAstV
Human astrovirus 1/ICMH590Astro/2006/BD	HumanAstV
Human astrovirus 1/ICMH642Astro/2006/BD	HumanAstV
Human astrovirus 1/ICMH666Astro/2006/BD	HumanAstV
Human astrovirus 1a	HumanAstV
Human astrovirus 1b	HumanAstV
Human astrovirus 1d	HumanAstV
Human astrovirus 2	HumanAstV
Human astrovirus 2c	HumanAstV
Human astrovirus 3	HumanAstV
Human astrovirus 3 Beijing/124/2007/CHN	HumanAstV
Human astrovirus 3a	HumanAstV
Human astrovirus 4	HumanAstV
Human astrovirus 4a	HumanAstV
Human astrovirus 4c	HumanAstV
Human astrovirus 5	HumanAstV
Human astrovirus 5/GUP125Astro/2005/TR	HumanAstV
Human astrovirus 6	HumanAstV
Human astrovirus 6 Beijing/192/2007/CHN	HumanAstV
Human astrovirus 6/ICMH108Astro/2005/BD	HumanAstV
Human astrovirus 6/ICMH433Astro/2006/BD	HumanAstV
Human astrovirus 7	HumanAstV
Human astrovirus 8	HumanAstV
Human astrovirus BF34	HumanAstV
Human astrovirus GGH-2004	HumanAstV
Human astrovirus Hu/CMH053/01/2001/THA	HumanAstV
Human astrovirus Hu/CMH074/01/2001/THA	HumanAstV
Human astrovirus Hu/CMH259/01/2001/THA	HumanAstV
Human astrovirus Hu/CMH265/00/2000/THA	HumanAstV
Human astrovirus Hu/CMH350/02/2002/THA	HumanAstV
Human astrovirus Hu/CMH352/02/2002/THA	HumanAstV
Human astrovirus Hu/CMH362/01/2001/THA	HumanAstV
Human astrovirus MLB2	HumanAstV
Human astrovirus MLB2/GUP187Astro/2005/TR	HumanAstV
Human astrovirus MLB3	HumanAstV
Human astrovirus UK1	HumanAstV
Human astrovirus VA2	HumanAstV
Astrovirus BAstV/B122/HUN/2013	BatAstV
Astrovirus BAstV/B14/HUN/2012	BatAstV
Astrovirus BAstV/B23/HUN/2012	BatAstV
Astrovirus BAstV/BS50/HUN/2013	BatAstV
Astrovirus BAstV/Bb1/HUN/2013	BatAstV
Astrovirus BAstV/M24/HUN/2012	BatAstV
Astrovirus BAstV/M44/HUN/2013	BatAstV
Astrovirus BAstV/V9/HUN/2013	BatAstV
Astrovirus BatAstV M.bech/GER	BatAstV
Astrovirus BatAstV M.daub/GER	BatAstV
Astrovirus BatAstV M.nat/GER	BatAstV
Astrovirus BatAstV P.aur/GER	BatAstV
Astrovirus wild boar/WBAstV-1/2011/HUN	BatAstV
Bastrovirus-like_virus/VietNam/Bat/17819_21	BatAstV
Bastrovirus/VietNam/Bat/16715_30	BatAstV
Bastrovirus/VietNam/Bat/16715_78	BatAstV
Bat astrovirus	BatAstV
Bat astrovirus 1	BatAstV
Bat astrovirus 10	BatAstV
Bat astrovirus 2	BatAstV
Bat astrovirus 3	BatAstV
Bat astrovirus 4	BatAstV
Bat astrovirus 5	BatAstV
Bat astrovirus 6	BatAstV
Bat astrovirus 7	BatAstV
Bat astrovirus 8	BatAstV
Bat astrovirus 9	BatAstV
Bat astrovirus AFCD166	BatAstV
Bat astrovirus AFCD88	BatAstV
Bat astrovirus BS1	BatAstV
Bat astrovirus BtSY1	BatAstV
Bat astrovirus BtSY2	BatAstV
Bat astrovirus BtSY3	BatAstV
Bat astrovirus BtSY4	BatAstV
Bat astrovirus BtSY5	BatAstV
Bat astrovirus GF-7a	BatAstV
Bat astrovirus Ha/Guangxi/HZ04/2007	BatAstV
Bat astrovirus Ha/Guangxi/L13/2007	BatAstV
Bat astrovirus Ha/Guangxi/LG02/2007	BatAstV
Bat astrovirus Ha/Guangxi/LG03/2007	BatAstV
Bat astrovirus Ha/Guangxi/LH10/2007	BatAstV
Bat astrovirus Ha/Guangxi/LS10/2007	BatAstV
Bat astrovirus Ha/Guangxi/LS11/2007	BatAstV
Bat astrovirus Ha/Guangxi/LY03/2007	BatAstV
Bat astrovirus Ha/Guangxi/LY07/2007	BatAstV
Bat astrovirus Ha/Guangxi/PD03/2007	BatAstV
Bat astrovirus Ha/Guangxi/TD03/2007	BatAstV
Bat astrovirus Ha/Guangxi/WW06/2007	BatAstV
Bat astrovirus Ha/QX48/Guangxi	BatAstV
Bat astrovirus Hi/Guangxi/PX05/2007	BatAstV
Bat astrovirus Hil/GX/bszt12	BatAstV
Bat astrovirus Hl/FG04/Hainan	BatAstV
Bat astrovirus Hl/FG05/Hainan	BatAstV
Bat astrovirus Hl/FG07/Hainan	BatAstV
Bat astrovirus Hl/FG10/Hainan	BatAstV
Bat astrovirus Hl/FG14/Hainan	BatAstV
Bat astrovirus Hl/FG17/Hainan	BatAstV
Bat astrovirus Hl/FG19-1/Hainan	BatAstV
Bat astrovirus Hl/FG19-2/Hainan	BatAstV
Bat astrovirus Hl/FG19-3/Hainan	BatAstV
Bat astrovirus Hl/FK29-1/Guangxi	BatAstV
Bat astrovirus Hl/FK29-2/Guangxi	BatAstV
Bat astrovirus Hl/FK34/Guangxi	BatAstV
Bat astrovirus Hl/Guangxi/LD117/2007	BatAstV
Bat astrovirus Hl/Guangxi/PX05/2007	BatAstV
Bat astrovirus Hl/Guangxi/WT03/2007	BatAstV
Bat astrovirus Hl/LD34/Hainan	BatAstV
Bat astrovirus Hl/LD41/Hainan	BatAstV
Bat astrovirus Hl/MG24/Hainan	BatAstV
Bat astrovirus Hl/MG27/Hainan	BatAstV
Bat astrovirus Hl/MG30/Hainan	BatAstV
Bat astrovirus Hp/Guangxi/BZ9/2007	BatAstV
Bat astrovirus Hp/Guangxi/CJ04/2007	BatAstV
Bat astrovirus Hp/Guangxi/HY11/2007	BatAstV
Bat astrovirus Hp/Guangxi/LC01/2007	BatAstV
Bat astrovirus Hp/Guangxi/LC03/2007	BatAstV
Bat astrovirus Hp/Guangxi/LC08/2007	BatAstV
Bat astrovirus Hp/Guangxi/WW08/2007	BatAstV
Bat astrovirus Ii/Guangxi/JY10/2007	BatAstV
Bat astrovirus Ii/Guangxi/JY11/2007	BatAstV
Bat astrovirus Ii/Guangxi/JY14/2007	BatAstV
Bat astrovirus LS1	BatAstV
Bat astrovirus Mek/YN/hwbc3	BatAstV
Bat astrovirus Mf/WOM990	BatAstV
Bat astrovirus Mf/XMM137	BatAstV
Bat astrovirus Mm/NX25-1/Hainan	BatAstV
Bat astrovirus Mm/NX25-2/Hainan	BatAstV
Bat astrovirus Mm/NX28/Hainan	BatAstV
Bat astrovirus Mm/NX29/Hainan	BatAstV
Bat astrovirus Ms/Anhui/A894/2005	BatAstV
Bat astrovirus Ms/Anhui/A909/2005	BatAstV
Bat astrovirus Ms/BT017-1/Hainan	BatAstV
Bat astrovirus Ms/BT017-2/Hainan	BatAstV
Bat astrovirus Ms/CM031/Hainan	BatAstV
Bat astrovirus Ms/Fujian/A1196/2006	BatAstV
Bat astrovirus Ms/Guangxi/A629/2005	BatAstV
Bat astrovirus Ms/HK61/CHN/2007	BatAstV
Bat astrovirus Ms/LS007/Hainan	BatAstV
Bat astrovirus Ms/LS022/Hainan	BatAstV
Bat astrovirus Ms/YG042/Hainan	BatAstV
Bat astrovirus Ms/YG043/Hainan	BatAstV
Bat astrovirus Ms/YY41/CHN/2008	BatAstV
Bat astrovirus Ms/sy10/CHN/2008	BatAstV
Bat astrovirus Ms/sy12/CHN/2008	BatAstV
Bat astrovirus Ms/sy14/CHN/2008	BatAstV
Bat astrovirus Ms/sy16/CHN/2008	BatAstV
Bat astrovirus Ms/sy18/CHN/2008	BatAstV
Bat astrovirus Ms/sy20/CHN/2008	BatAstV
Bat astrovirus Ms/sy22/CHN/2008	BatAstV
Bat astrovirus Ms/sy23/CHN/2008	BatAstV
Bat astrovirus Ms/sy25/CHN/2008	BatAstV
Bat astrovirus Ms/sy3/CHN/2008	BatAstV
Bat astrovirus Ms/sy32/CHN/2008	BatAstV
Bat astrovirus Ms/sy37/CHN/2008	BatAstV
Bat astrovirus Ms/sy6/CHN/2008	BatAstV
Bat astrovirus Ms/sy8/CHN/2008	BatAstV
Bat astrovirus My/Guangxi/JY01/2007	BatAstV
Bat astrovirus My/Guangxi/JY06/2007	BatAstV
Bat astrovirus My/Guangxi/JY07/2007	BatAstV
Bat astrovirus Myh/SD13/Hainan	BatAstV
Bat astrovirus Myh/SD16-1/Hainan	BatAstV
Bat astrovirus Myh/SD16-2/Hainan	BatAstV
Bat astrovirus Myl/YN/hsac2	BatAstV
Bat astrovirus Myr/Anhui/A900/2005	BatAstV
Bat astrovirus Myr/Jiangxi/A819/2005	BatAstV
Bat astrovirus Myr/QX60-1/Guangxi	BatAstV
Bat astrovirus Myr/QX60-2/Guangxi	BatAstV
Bat astrovirus N58-42/Germany/2008	BatAstV
Bat astrovirus N58-49/Germany/2008	BatAstV
Bat astrovirus N78-02/Germany/2008	BatAstV
Bat astrovirus N78-04/Germany/2008	BatAstV
Bat astrovirus N78-10/Germany/2008	BatAstV
Bat astrovirus N78-46/Germany/2008	BatAstV
Bat astrovirus N78-47/Germany/2008	BatAstV
Bat astrovirus N78-49/Germany/2008	BatAstV
Bat astrovirus Pa/Sichuan/A367/2005	BatAstV
Bat astrovirus Ra/CW01/Hainan	BatAstV
Bat astrovirus Ra/DL040/Hainan	BatAstV
Bat astrovirus Rf/Hubei/273/2004	BatAstV
Bat astrovirus Rf/Shandong/A977/2006	BatAstV
Bat astrovirus Rl/HKGS/CHN/2008	BatAstV
Bat astrovirus Rp/FK27/Guangxi	BatAstV
Bat astrovirus Rp/FK35/Guangxi	BatAstV
Bat astrovirus Rp/Jiangxi/A860/2005	BatAstV
Bat astrovirus SK/HK68/HK14/HK15/CHN/2007	BatAstV
Bat astrovirus Sk/CZ11/Hainan	BatAstV
Bat astrovirus Sk/CZ15/Hainan	BatAstV
Bat astrovirus Sk/CZ17/Hainan	BatAstV
Bat astrovirus Sk/CZ32/Hainan	BatAstV
Bat astrovirus Sk/HK14/CHN/2007	BatAstV
Bat astrovirus Sk/HK15/CHN/2007	BatAstV
Bat astrovirus Sk/HK63/CHN/2007	BatAstV
Bat astrovirus Sk/HK68/CHN/2007	BatAstV
Bat astrovirus Sk/HK71/CHN/2007	BatAstV
Bat astrovirus Sk/JX18/Hainan	BatAstV
Bat astrovirus Sk/LZ01/Hainan	BatAstV
Bat astrovirus Sk/LZ04/Hainan	BatAstV
Bat astrovirus Sk/LZ05/Hainan	BatAstV
Bat astrovirus Sk/LZ12/Hainan	BatAstV
Bat astrovirus Sk/LZ14/Hainan	BatAstV
Bat astrovirus Sk/LZ32/Hainan	BatAstV
Bat astrovirus Sk/LZ35/Hainan	BatAstV
Bat astrovirus Sk/LZ36/Hainan	BatAstV
Bat astrovirus Sk/YY15/Hainan	BatAstV
Bat astrovirus Sk/YY17-1/Hainan	BatAstV
Bat astrovirus Sk/YY17-2/Hainan	BatAstV
Bat astrovirus Tm/Guangxi/DX02/2007	BatAstV
Bat astrovirus Tm/Guangxi/DX04/2007	BatAstV
Bat astrovirus Tm/Guangxi/DX09/2007	BatAstV
Bat astrovirus Tm/Guangxi/DX14/2007	BatAstV
Bat astrovirus Tm/Guangxi/DX17/2007	BatAstV
Bat astrovirus Tm/Guangxi/DX19/2007	BatAstV
Bat astrovirus Tm/Guangxi/LD04/2007	BatAstV
Bat astrovirus Tm/Guangxi/LD06/2007	BatAstV
Bat astrovirus Tm/Guangxi/LD103/2007	BatAstV
Bat astrovirus Tm/Guangxi/LD110/2007	BatAstV
Bat astrovirus Tm/Guangxi/LD111/2007	BatAstV
Bat astrovirus Tm/Guangxi/LD113/2007	BatAstV
Bat astrovirus Tm/Guangxi/LD116/2007	BatAstV
Bat astrovirus Tm/Guangxi/LD145/2007	BatAstV
Bat astrovirus Tm/Guangxi/LD153/2007	BatAstV
Bat astrovirus Tm/Guangxi/LD154/2007	BatAstV
Bat astrovirus Tm/Guangxi/LD157/2007	BatAstV
Bat astrovirus Tm/Guangxi/LD16/2007	BatAstV
Bat astrovirus Tm/Guangxi/LD27/2007	BatAstV
Bat astrovirus Tm/Guangxi/LD38/2007	BatAstV
Bat astrovirus Tm/Guangxi/LD39/2007	BatAstV
Bat astrovirus Tm/Guangxi/LD43/2007	BatAstV
Bat astrovirus Tm/Guangxi/LD45/2007	BatAstV
Bat astrovirus Tm/Guangxi/LD46/2007	BatAstV
Bat astrovirus Tm/Guangxi/LD54/2007	BatAstV
Bat astrovirus Tm/Guangxi/LD61/2007	BatAstV
Bat astrovirus Tm/Guangxi/LD67/2007	BatAstV
Bat astrovirus Tm/Guangxi/LD71/2007	BatAstV
Bat astrovirus Tm/Guangxi/LD77/2007	BatAstV
Bat astrovirus Tm/Guangxi/LD89/2007	BatAstV
Bat astrovirus Tm/Guangxi/LD90/2007	BatAstV
Bat astrovirus Tm/Guangxi/LD98/2007	BatAstV
Bat astrovirus Tr/LS01/Hainan	BatAstV
Bat astrovirus WCF184/WCF168	BatAstV
Bat astrovirus ZK1	BatAstV
Bat bastrovirus	BatAstV
Bat picornavirus BS1	BatAstV
Bat picornavirus BS2	BatAstV
Bat picornavirus CX8	BatAstV
Bat picornavirus CX9	BatAstV
Bat picornavirus LS1	BatAstV
Bat picornavirus WD1	BatAstV
Bat picornavirus WD2	BatAstV
Cardioderma bat astrovirus	BatAstV
Coleura bat astrovirus	BatAstV
Hipposideros bat astrovirus	BatAstV
Jingmen bat astrovirus 1	BatAstV
Jingmen bat astrovirus 10	BatAstV
Jingmen bat astrovirus 11	BatAstV
Jingmen bat astrovirus 12	BatAstV
Jingmen bat astrovirus 2	BatAstV
Jingmen bat astrovirus 3	BatAstV
Jingmen bat astrovirus 4	BatAstV
Jingmen bat astrovirus 5	BatAstV
Jingmen bat astrovirus 6	BatAstV
Jingmen bat astrovirus 7	BatAstV
Jingmen bat astrovirus 8	BatAstV
Jingmen bat astrovirus 9	BatAstV
Jingmen bat bastrovirus 1	BatAstV
Jingmen bat bastrovirus 2	BatAstV
Longquan bat astrovirus 1	BatAstV
Longquan bat astrovirus 2	BatAstV
Microbat bastrovirus	BatAstV
Miniopterus bat astrovirus	BatAstV
Mops bat astrovirus	BatAstV
Rousettus bat astrovirus	BatAstV
Wenzhou bat astrovirus 1	BatAstV
Wenzhou bat astrovirus 2	BatAstV
Wenzhou bat astrovirus 3	BatAstV
Wenzhou bat astrovirus 4	BatAstV
Astrovirus swine/PoAStV18-5/Canada/2006	PorcineAstV
Astrovirus swine/PoAstV10-4/Canada/2006	PorcineAstV
Astrovirus swine/PoAstV11-2/Canada/2006	PorcineAstV
Astrovirus swine/PoAstV12-3/Canada/2006	PorcineAstV
Astrovirus swine/PoAstV12-4/Canada/2006	PorcineAstV
Astrovirus swine/PoAstV13-1/Canada/2006	PorcineAstV
Astrovirus swine/PoAstV14-4/Canada/2006	PorcineAstV
Astrovirus swine/PoAstV15-2/Canada/2006	PorcineAstV
Astrovirus swine/PoAstV15-6/Canada/2006	PorcineAstV
Astrovirus swine/PoAstV16-2/Canada/2006	PorcineAstV
Astrovirus swine/PoAstV17-4/Canada/2006	PorcineAstV
Astrovirus swine/PoAstV19-3/Canada/2006	PorcineAstV
Astrovirus swine/PoAstV2-2/Canada/2006	PorcineAstV
Astrovirus swine/PoAstV20-5/Canada/2006	PorcineAstV
Astrovirus swine/PoAstV7-2/Canada/2006	PorcineAstV
Astrovirus swine/PoAstV7-3/Canada/2006	PorcineAstV
Bastrovirus/VietNam/Porcine/17489_85	PorcineAstV
Heilongjiang porcine bastro-like virus	PorcineAstV
Porcine astrovirus 1	PorcineAstV
Porcine astrovirus 2	PorcineAstV
Porcine astrovirus 2 Shanghai/2008	PorcineAstV
Porcine astrovirus 2/BEL/15V010	PorcineAstV
Porcine astrovirus 3	PorcineAstV
Porcine astrovirus 4	PorcineAstV
Porcine astrovirus 4/BEL/15V010	PorcineAstV
Porcine astrovirus 5	PorcineAstV
Porcine astrovirus China	PorcineAstV
Porcine astrovirus PAstV-2/2007/HUN	PorcineAstV
Porcine bastrovirus	PorcineAstV
Zhejiang porcine bastro-like virus	PorcineAstV
Aethomys rat astrovirus	MAstV
Astrovirus PREDICT MAstV-111	MAstV
Astrovirus PREDICT MAstV-112	MAstV
Astrovirus PREDICT MAstV-113	MAstV
Astrovirus PREDICT MAstV-117	MAstV
Astrovirus PREDICT MAstV-118	MAstV
Astrovirus PREDICT MAstV-122	MAstV
Astrovirus PREDICT MAstV-125	MAstV
Astrovirus PREDICT MAstV-126	MAstV
Astrovirus PREDICT MAstV-127	MAstV
Astrovirus PREDICT MAstV-128	MAstV
Astrovirus PREDICT MAstV-137	MAstV
Astrovirus PREDICT_MAstV-135	MAstV
Bamboo rat astrovirus	MAstV
Jingmen rodent astrovirus 1	MAstV
Jingmen rodent astrovirus 2	MAstV
Jingmen rodent astrovirus 3	MAstV
Jingmen rodent bastrovirus 1	MAstV
Longquan rodent astrovirus 1	MAstV
Longquan rodent astrovirus 2	MAstV
Mouse astrovirus M-52/USA/2008	MAstV
Murine astrovirus	MAstV
Murine astrovirus 1	MAstV
Murine astrovirus 2	MAstV
Rat astrovirus	MAstV
Rat astrovirus Ne/FG045/Yunnan	MAstV
Rat astrovirus Ne/FG046/Yunnan	MAstV
Rat astrovirus Ne/FG047/Yunnan	MAstV
Rat astrovirus Ne/FG048/Yunnan	MAstV
Rat astrovirus Ne/FG111/Yunnan	MAstV
Rat astrovirus Ne/FG168/Yunnan	MAstV
Rat astrovirus Rn/S510/Guangzhou	MAstV
Rat astrovirus Rt/X104/Xiamen	MAstV
Rat mamastrovirus	MAstV
Rodent astrovirus	MAstV
Wenzhou rodent astrovirus 1	MAstV
Wufeng rodent astrovirus 1	MAstV
Wufeng rodent astrovirus 2	MAstV
Yunnan rodent mamastrovirus 1	MAstV
Yunnan rodent mamastrovirus 2	MAstV
Yunnan rodent mamastrovirus 3	MAstV
Yunnan rodent mamastrovirus 4	MAstV
Yunnan rodent mamastrovirus 5	MAstV
Avastrovirus guineafowl/ITA/2010/Bari-ELVA	AvianAstV
Avian associated bastrovirus 1	AvianAstV
Avian associated bastrovirus 2	AvianAstV
Avian astrovirus	AvianAstV
Avian astrovirus 2	AvianAstV
Avian avastrovirus 4	AvianAstV
Avian nephritis virus	AvianAstV
Avian nephritis virus 1	AvianAstV
Avian nephritis virus 2	AvianAstV
Avian nephritis virus 3	AvianAstV
Avian nephritis virus AFBI-2010	AvianAstV
Avian nephritis virus Sichuan62/2009	AvianAstV
Avian nephritis virus Sichuan75/2009	AvianAstV
Avian nephritis virus Sichuan80/2009	AvianAstV
Avian nephritis virus Sichuan87/2009	AvianAstV
Avian nephritis virus Sichuan98/2009	AvianAstV
Avian nephritis virus chicken/792/USA/2005	AvianAstV
Avian nephritis virus goose/HRV/2010	AvianAstV
Avian nephritis virus pigeon/CHN-10/2010	AvianAstV
Avian nephritis virus pigeon/Shanghai/2010	AvianAstV
Avian nephritis virus turkey/G145/Poland/2008	AvianAstV
Chicken astrovirus	AvianAstV
Chicken astrovirus 1	AvianAstV
Chicken astrovirus 1 USP336-1/Brazil/2009	AvianAstV
Chicken astrovirus 1 USP336-2/Brazil/2009	AvianAstV
Chicken astrovirus 1 USP337-1/Brazil/2009	AvianAstV
Chicken astrovirus 1 USP337-2/Brazil/2009	AvianAstV
Chicken astrovirus 2	AvianAstV
Chicken astrovirus Indovax/APF/1319	AvianAstV
Chicken astrovirus Indovax/EI/1078	AvianAstV
Chicken astrovirus Indovax/SH/1079	AvianAstV
Chicken astrovirus pigeon/Shanghai/2010	AvianAstV
Crow astrovirus	AvianAstV
Duck astrovirus	AvianAstV
Duck astrovirus 1	AvianAstV
Duck astrovirus 3	AvianAstV
Duck astrovirus C-NGB	AvianAstV
Duck astrovirus CPH	AvianAstV
Duck hepatitis virus 2	AvianAstV
Duck hepatitis virus 3	AvianAstV
Feral pigeon astrovirus	AvianAstV
Goose astrovirus	AvianAstV
Goose astrovirus 1	AvianAstV
Goose astrovirus 2	AvianAstV
Guinea fowl astrovirus	AvianAstV
Pacific black duck astrovirus	AvianAstV
Pigeon astrovirus	AvianAstV
Pigeon avian nephritis virus	AvianAstV
Pink-eared duck avastrovirus	AvianAstV
Turkey astrovirus	AvianAstV
Turkey astrovirus 1	AvianAstV
Turkey astrovirus 2	AvianAstV
Turkey astrovirus 3	AvianAstV
Wood pigeon astrovirus	AvianAstV
shorebird astrovirus	AvianAstV
Astrovirus dogfaeces/Bari	MamaAstV
Astrovirus dogfaeces/Bari/2008	MamaAstV
Astrovirus dogfaeces/China/2008	MamaAstV
Astrovirus dogfaeces/Italy/2005	MamaAstV
Astrovirus rabbit/Nausica/2008/ITA	MamaAstV
California sea lion astrovirus 10	MamaAstV
California sea lion astrovirus 11	MamaAstV
California sea lion astrovirus 2	MamaAstV
California sea lion astrovirus 3	MamaAstV
California sea lion astrovirus 4	MamaAstV
California sea lion astrovirus 5	MamaAstV
California sea lion astrovirus 6	MamaAstV
California sea lion astrovirus 7	MamaAstV
California sea lion astrovirus 8	MamaAstV
California sea lion astrovirus 9	MamaAstV
Cricetulus longicaudatus mamastrovirus	MamaAstV
Dog astrovirus	MamaAstV
Feline astrovirus 2	MamaAstV
Feline astrovirus 3	MamaAstV
Feline astrovirus 4	MamaAstV
Feline astrovirus D1	MamaAstV
Feline astrovirus Viseu	MamaAstV
Feline avastrovirus	MamaAstV
Feline mamastrovirus	MamaAstV
Fox astrovirus	MamaAstV
Fox astrovirus F4	MamaAstV
Goat astrovirus	MamaAstV
Grey squirrel astrovirus	MamaAstV
Guangxi mamastrovirus 1	MamaAstV
Guangxi mamastrovirus 2	MamaAstV
Hainan mamastrovirus	MamaAstV
Henan mamastrovirus 1	MamaAstV
Henan mamastrovirus 2	MamaAstV
Henan mamastrovirus 3	MamaAstV
Henan mamastrovirus 4	MamaAstV
Henan mamastrovirus 5	MamaAstV
Henan mamastrovirus 6	MamaAstV
Henan mamastrovirus 7	MamaAstV
Henan mamastrovirus 8	MamaAstV
House shrew astrovirus	MamaAstV
Hubei mamastrovirus 1	MamaAstV
Hubei mamastrovirus 2	MamaAstV
Hubei mamastrovirus 3	MamaAstV
Hubei mamastrovirus 4	MamaAstV
Jiangsu mamastrovirus 1	MamaAstV
Jiangsu mamastrovirus 2	MamaAstV
Jingmen shrew astrovirus 1	MamaAstV
Lophuromys chrysopus mamastrovirus	MamaAstV
Mamastrovirus	MamaAstV
Mamastrovirus 1	MamaAstV
Mamastrovirus 10	MamaAstV
Mamastrovirus 11	MamaAstV
Mamastrovirus 12	MamaAstV
Mamastrovirus 13	MamaAstV
Mamastrovirus 14	MamaAstV
Mamastrovirus 15	MamaAstV
Mamastrovirus 16	MamaAstV
Mamastrovirus 17	MamaAstV
Mamastrovirus 18	MamaAstV
Mamastrovirus 19	MamaAstV
Mamastrovirus 2	MamaAstV
Mamastrovirus 22	MamaAstV
Mamastrovirus 25	MamaAstV
Mamastrovirus 3	MamaAstV
Mamastrovirus 4	MamaAstV
Mamastrovirus 5	MamaAstV
Mamastrovirus 6	MamaAstV
Mamastrovirus 7	MamaAstV
Mamastrovirus 8	MamaAstV
Mamastrovirus 9	MamaAstV
Mamastrovirus HMU-1	MamaAstV
Mamastrovirus felis	MamaAstV
Mamastrovirus pig/HL/China	MamaAstV
Mamastrovirus sp.	MamaAstV
Mamastrovirus suisorientalis	MamaAstV
Mink avastrovirus	MamaAstV
Mink stool-associated astrovirus	MamaAstV
Minke whale astrovirus 1	MamaAstV
Minke whale astrovirus 2	MamaAstV
New Zealand sea lion astrovirus 1	MamaAstV
Porcupine astrovirus	MamaAstV
Porcupine astrovirus 1	MamaAstV
Porcupine astrovirus 2	MamaAstV
Porcupine astrovirus 3	MamaAstV
Porcupine astrovirus 4	MamaAstV
Porcupine astrovirus 5	MamaAstV
Porcupine astrovirus 6	MamaAstV
Porcupine astrovirus 7	MamaAstV
Porcupine astrovirus Hb/LP077/Guangxi	MamaAstV
Porcupine astrovirus Hb/LP083/Guangxi	MamaAstV
Porcupine astrovirus Hb/LP084/Guangxi	MamaAstV
Porcupine astrovirus Hb/LP092/Guangxi	MamaAstV
Porcupine astrovirus Hb/LP102/Guangxi	MamaAstV
Rabbit astrovirus	MamaAstV
Rabbit astrovirus TN/2208/2010	MamaAstV
Raccoon dog astrovirus	MamaAstV
Raccoon dog astrovirus 1	MamaAstV
Raccoon dog astrovirus 2	MamaAstV
Raccoon dog astrovirus 3	MamaAstV
Raccoon dog astrovirus 4	MamaAstV
Rat mamastrovirus	MamaAstV
Shrew astrovirus	MamaAstV
Shrew astrovirus Ca/FG184/Yunnan	MamaAstV
Shrew astrovirus El/FG102/Yunnan	MamaAstV
Shrew astrovirus El/FG159/Yunnan	MamaAstV
Sichuan mamastrovirus 1	MamaAstV
Sichuan mamastrovirus 10	MamaAstV
Sichuan mamastrovirus 11	MamaAstV
Sichuan mamastrovirus 12	MamaAstV
Sichuan mamastrovirus 5	MamaAstV
Sichuan mamastrovirus 6	MamaAstV
Sichuan mamastrovirus 7	MamaAstV
Sichuan mamastrovirus 8	MamaAstV
Sichuan mamastrovirus 9	MamaAstV
Squirrel astrovirus 1	MamaAstV
Squirrel astrovirus 2	MamaAstV
Steller sea lion astrovirus 1	MamaAstV
Tree shrew astrovirus	MamaAstV
Wufeng shrew astrovirus 1	MamaAstV
Wufeng shrew bastrovirus 1	MamaAstV
Wufeng shrew bastrovirus 2	MamaAstV
Wufeng shrew bastrovirus 3	MamaAstV
Wufeng shrew bastrovirus 4	MamaAstV
Xinjiang mamastrovirus 1	MamaAstV
Xinjiang mamastrovirus 2	MamaAstV
Xinjiang mamastrovirus 3	MamaAstV
Xinjiang mamastrovirus 4	MamaAstV
Xinjiang mamastrovirus 5	MamaAstV
Xinjiang mamastrovirus 6	MamaAstV
Xinjiang mamastrovirus 7	MamaAstV
Yak astrovirus	MamaAstV
Yunnan rodent mamastrovirus 1	MamaAstV
Yunnan rodent mamastrovirus 2	MamaAstV
Yunnan rodent mamastrovirus 3	MamaAstV
Yunnan rodent mamastrovirus 4	MamaAstV
Yunnan rodent mamastrovirus 5	MamaAstV
Yunnan shrew astrovirus 1	MamaAstV
Yunnan shrew mamastrovirus 1	MamaAstV
Yunnan shrew mamastrovirus 2	MamaAstV
Zhejiang mamastrovirus 1	MamaAstV
Zhejiang mamastrovirus 2	MamaAstV
Zhejiang mamastrovirus 3	MamaAstV
Zhejiang mamastrovirus 4	MamaAstV
Bovine astrovirus	BovineAstV
Bovine astrovirus B161-1	BovineAstV
Bovine astrovirus B161-2	BovineAstV
Bovine astrovirus B170/HK	BovineAstV
Bovine astrovirus B18/HK	BovineAstV
Bovine astrovirus B34/HK	BovineAstV
Bovine astrovirus B76-2/HK	BovineAstV
Bovine astrovirus B76/HK	BovineAstV
Bovine astrovirus CH13	BovineAstV
Bovine astrovirus CH13/NeuroS1	BovineAstV
Bovine astrovirus NeuroS1	BovineAstV
Beihai fish astrovirus 1	FishAstV
Eastern mosquitofish bastrovirus	FishAstV
Eastern red scorpionfish astrovirus	FishAstV
Eastern sea garfish astrovirus	FishAstV
Murray-Darling rainbowfish astrovirus	FishAstV
Myotis ricketti associated fish astrovirus	FishAstV
Spot-less plunderfish astrovirus	FishAstV
Wenling banjofish astrovirus	FishAstV
Wenling bighead beaked sandfish astrovirus	FishAstV
Wenling japanese thread-sail fish astrovirus	FishAstV
Wenling longspine snipefish astrovirus	FishAstV
Wenling snipefish astrovirus	FishAstV
Yancheng grey stingfish astrovirus	FishAstV
